Colony_ID,X_internal,Y_internal,Z_internal,X_Real_World_Position,Y_Real_World_Position,Z_Real_World_Position,Size
714,5.132113885,75.95355235,-33.28536597,-7.129501074,-12.98600884,2.960906775,
187,47.29153825,87.07137291,-37.76896303,-10.64775124,-12.3703373,2.33718588,
185,15.92219913,-26.74686436,-11.51160251,-3.91281823,-5.051112331,1.256080895,
713,7.974669054,23.08502576,-22.24717326,-5.275606931,-9.003994352,2.111035645,
712,-4.079237876,-58.7664948,-5.912386013,-1.203674048,-3.45274604,0.984696826,
unk3,-7.870951679,197.6528778,-68.09990685,-10.9380039,-22.70635741,4.306334446,
716,-0.646204238,163.3228329,-56.66900348,-10.12139595,-19.78195453,3.994712355,
C,24.20424946,71.22952907,-34.34778688,-8.342238926,-12.02839423,2.449269678,
D,8.944104341,128.5687139,-46.82848975,-9.463511692,-16.79963263,3.514913989,
A,-14.24741175,-94.9367142,0.735991375,0.94881365,-1.192190233,0.516531995,
B,4.005232423,-42.88770301,-7.955330876,-2.412047007,-4.285696187,1.201925911,
A,-17.3650289,33.62836965,-5.477146161,0.968009465,-1.20593496,0.516940538,
B,-1.544957087,71.20812232,2.159204415,-2.447288322,-4.322675923,1.177296065,
C,17.43894764,154.9847564,16.05077353,-8.361718926,-12.02456232,2.476154764,
D,8.39495943,197.6577301,24.21423341,-9.469347353,-16.7956566,3.46385405,
185,7.622335121,82.06243137,3.882456078,-3.899592645,-5.015376496,1.263793935,
909,-15.99817381,81.26808166,7.944225406,-1.486297093,-5.993571677,1.977215348,
910,-9.368946072,97.49284365,8.734531879,-2.91463484,-7.358078345,1.983621538,
915,2.681286398,115.3828202,11.35300996,-4.992811493,-8.639960398,2.134722098,
714,3.54050539,158.2108002,19.06182675,-7.116864755,-12.97777061,2.963301815,
187,34.80580128,165.9383088,17.05660035,-10.65077864,-12.35684568,2.392712493,
715,8.32202717,187.3914948,21.85506253,-8.968589759,-15.75177187,3.206488611,
917,31.7282389,70.89089936,-0.643508556,-5.810984494,-2.785629324,0.500290221,
910,40.19844824,11.14105973,-12.63933373,-2.934911376,-7.372757446,2.008753299,
185,36.07179267,-1.550917429,-10.36566955,-3.865022043,-5.059749642,1.246177865,
917,35.95812603,-17.38882448,-7.464021705,-5.784159324,-2.754736377,0.459909637,
918,110.7330581,42.51312708,-27.35463489,-9.443696333,-20.86163598,4.177065923,
714,75.61572115,19.5699209,-17.42099355,-7.134348796,-12.98261365,2.953232076,
909,29.96667848,10.76518437,-11.22190961,-1.481698806,-6.016280431,1.908771758,
715,91.91790771,24.07361985,-20.67550279,-8.96441444,-15.73186843,3.257232413,
713,54.80931473,9.68012331,-13.90758708,-5.265347996,-8.988847285,2.119849676,
915,52.78681566,9.463269252,-12.75064949,-5.019617703,-8.63052501,2.239372113,
716,110.0835418,36.28102112,-25.58002852,-10.1259178,-19.83243302,3.958013021,
unk3,122.6706803,44.56340686,-29.50884759,-10.93633946,-22.69426717,4.338078811,
A,3.803241193,-1.500909874,-9.02427625,0.95131585,-1.197866239,0.49262133,
D,97.42569933,26.79301631,-21.59782001,-9.447517352,-16.8016046,3.487381408,
B,27.99027251,0.178990595,-9.93941215,-2.460308487,-4.307950947,1.211996177,
C,77.10196687,11.19911771,-16.64613147,-8.35951763,-12.00650982,2.454505365,
185,2.870503246,1.738150494,-6.069901364,-3.899087252,-5.052094735,1.211450198,
915,-3.599260526,16.62144515,-6.166427855,-5.017144364,-8.634233644,2.22598629,
909,-7.928770062,-1.278088709,-4.565158914,-1.459823983,-6.019776018,1.887192858,
714,-8.712773317,36.22032928,-8.392849955,-7.108997608,-12.98794915,2.92746708,
713,-3.665565468,18.29486272,-7.128544812,-5.262213198,-9.002991854,2.091878503,
917,15.36286356,-0.906182481,-6.153198203,-5.775007263,-2.74266218,0.502430192,
715,-10.12431145,49.9934845,-10.36832434,-8.977484117,-15.75200485,3.228700734,
918,-22.55703736,67.68612669,-12.57573702,-9.435818323,-20.85307166,4.165005218,
716,-17.54612734,66.27698992,-12.151888,-10.1351524,-19.83471758,3.968213927,
unk3,-22.71602595,77.66709267,-13.78832038,-10.94822997,-22.71345047,4.395131594,
A,-2.062762302,-23.5371094,-4.225102016,0.908873337,-1.213498461,0.584725842,
C,-1.956622425,36.10868069,-9.085540784,-8.326361942,-12.0143438,2.461403859,
B,0.221905558,-4.565198431,-5.396084881,-2.440969333,-4.290468492,1.167523445,
D,-11.37641144,54.65568546,-10.45183185,-9.469303167,-16.76298823,3.499727103,
712,-12.53127096,-26.40546417,-9.312035456,-1.139114736,-3.407638709,1.035962287,
185,-16.14303208,-5.363557846,-9.329384851,-3.912553623,-5.057909747,1.264510438,
715,-70.81233975,51.78722387,-12.68892657,-8.980290106,-15.75319277,3.222258701,
714,-58.39733507,33.61371991,-10.8453351,-7.108473114,-12.99564217,2.914528714,
915,-36.40167241,10.17300985,-8.681197095,-5.01556636,-8.636014878,2.243634004,
713,-37.68729019,12.58178808,-10.22617913,-5.268620369,-9.003716422,2.079986971,
909,-28.71013644,-18.14769939,-8.241242492,-1.440590783,-6.014729562,1.88196995,
918,-101.5291977,67.05583192,-15.0090227,-9.446287514,-20.85112613,4.191485726,
716,-93.45967865,68.81336211,-14.50576406,-10.1366731,-19.83400052,3.944525528,
917,3.173964983,0.485672485,-9.412937186,-5.782525707,-2.764125362,0.491901545,
A,-3.465165034,-44.32303577,-9.792542526,0.903802716,-1.209473183,0.525955492,
B,-14.89142051,-16.20034003,-9.163161424,-2.453028063,-4.284347955,1.194455349,
C,-48.92800182,38.70470808,-11.63184455,-8.330590866,-12.02302014,2.435906281,
D,-76.2783349,57.27493657,-12.40743798,-9.461926596,-16.7858453,3.507199434,
unk3,-109.1717481,80.70055274,-16.1288953,-10.94546409,-22.68350203,4.392983151,
915,5.196457791,-5.752532076,-7.613293597,-5.015465772,-8.614596712,2.187002597,
713,5.190235561,-7.407995724,-8.120855344,-5.26798217,-8.998019972,2.094377072,
716,14.69784348,-50.75524476,-6.85724606,-10.1238948,-19.81643379,3.98745146,
714,8.464842555,-23.61628688,-7.075649366,-7.158351124,-12.97234473,2.940636605,
918,19.09319503,-52.51397658,-6.924547624,-9.446033265,-20.87689065,4.22410575,
917,-10.46117192,10.57997014,-9.543094396,-5.777439132,-2.754520885,0.512430383,
unk3,18.47159798,-61.23246404,-7.41205872,-10.95611172,-22.69967647,4.287430347,
715,9.13730443,-35.98963202,-7.045902099,-8.980561125,-15.76298037,3.295916659,
185,0.351986322,7.552071549,-9.174669308,-3.915993526,-5.055227209,1.203054904,
909,10.12700938,9.817143492,-8.01115227,-1.457550125,-6.007715624,1.919991305,
187,-3.679599116,-29.2266545,-7.578148366,-10.67989944,-12.35084805,2.371107366,
D,10.07683468,-40.00121686,-6.795801169,-9.420157287,-16.76687056,3.509247627,
C,2.759327163,-23.15327263,-8.000554144,-8.303552337,-12.04040958,2.411544741,
B,3.229559177,13.01622581,-9.178096734,-2.421090931,-4.309914544,1.200169214,
185,-10.15450566,-29.29712479,-13.85291096,-3.901622306,-5.02787758,1.303931803,
716,31.78429958,-123.6316145,-18.22148497,-10.12536313,-19.80573233,3.964669091,
715,17.84640883,-100.5727234,-16.89073563,-9.003198179,-15.77411652,3.261217019,
918,39.79927825,-125.2388611,-18.34627531,-9.440947826,-20.87154594,4.187225083,
714,13.3671608,-79.62071226,-15.14683253,-7.097316166,-13.00289912,2.91141712,
915,2.063805847,-50.67506406,-13.42595017,-5.018149055,-8.629312943,2.19299575,
713,2.491699679,-53.32317737,-14.59891692,-5.274005236,-8.997456053,2.087603433,
917,-29.54032327,-27.32386592,-15.79188161,-5.775459526,-2.730345798,0.467973381,
A,-6.953992887,9.884235413,-13.29329296,0.915954323,-1.228009837,0.528712156,
B,-7.126303158,-19.34619334,-13.57796656,-2.438228104,-4.304671712,1.183543189,
C,3.078233032,-80.65319057,-16.74186119,-8.329175292,-12.02282666,2.430944184,
D,20.6362572,-107.1294404,-16.59051322,-9.449321809,-16.76623936,3.535601058,
185,-13.98389344,74.9452591,-18.28717614,-3.888975465,-5.037134658,1.289930783,
715,5.157986271,-66.62313838,-13.60355783,-9.020869518,-15.79295199,3.152451566,
714,6.33684395,-26.53173251,-12.36890917,-7.114486787,-13.00407316,2.917453193,
915,-1.058777049,31.00987623,-14.06600563,-5.002488776,-8.646477993,2.182225158,
713,-1.57896323,25.76018521,-16.21636211,-5.267119741,-9.023068121,2.043400815,
918,34.46393962,-120.4411621,-10.11111839,-9.422114055,-20.83501992,4.268867439,
716,20.72954118,-114.2898729,-10.63540592,-10.11052232,-19.79990456,4.005391899,
917,-48.47237398,87.23531339,-20.95187563,-5.754315021,-2.678923293,0.544038883,
909,17.30283541,80.09307322,-14.79684308,-1.458912803,-6.013570962,1.912698919,
A,8.541550656,144.1471558,-22.87311178,0.888575242,-1.225305136,0.57398632,
B,-4.432883783,91.67427828,-19.75376307,-2.441513532,-4.30271017,1.136733486,
C,-12.72292617,-24.1792069,-15.31879043,-8.33987481,-12.0340643,2.421499895,
D,7.488721857,-79.73121645,-10.85352327,-9.469205628,-16.78143299,3.524044349,
A,-64.42223358,-186.0894318,-5.353641847,0.887166831,-1.198591283,0.569818994,
B,-37.40186312,-144.2322692,-7.589908128,-2.444113863,-4.309415771,1.09940306,
C,4.213687991,-46.49489842,-13.34661763,-8.303411433,-12.04278976,2.39335378,
D,3.94203948,8.01401139,-13.75432794,-9.472356048,-16.79735049,3.481046716,
918,-7.207070353,51.11798475,-14.95818366,-9.419681617,-20.80904833,4.315825744,
909,-52.53007423,-127.055817,-3.020310059,-1.46746978,-6.029080562,1.936535308,
915,-21.77737819,-90.35979837,-7.059013577,-5.019584068,-8.649627911,2.180120139,
714,-10.94919306,-38.40541078,-9.594680012,-7.12487965,-12.99029881,2.970254391,
715,1.82217823,-4.270216508,-14.69043543,-9.014151945,-15.79415216,3.154566306,
713,-19.92968755,-86.22979741,-9.237609994,-5.275424201,-9.015486949,2.061071409,
185,-24.16999242,-132.5873414,-8.076020127,-3.881578083,-5.050070134,1.230909284,
917,1.807287168,-153.7148589,-8.783281151,-5.740729083,-2.673581264,0.605045537,
C,1.386238667,12.70463658,-14.58684733,-8.319404477,-12.01477951,2.422015627,
B,-6.54974168,-54.20827866,-4.659926394,-2.426011097,-4.291295972,1.216559852,
A,-15.22015857,-84.77632905,-1.86007957,0.887614244,-1.195223812,0.542899934,
D,-9.098591833,45.86867903,-17.93702705,-9.454171661,-16.77424324,3.555800165,
915,-7.02608205,-18.54858204,-8.573254569,-4.982418793,-8.671103104,2.151590141,
714,-9.630351971,14.92739106,-13.48147952,-7.117406379,-12.99046214,2.9097928,
918,-23.52048858,70.30663305,-22.79241426,-9.465856881,-20.8590259,4.216658966,
909,-18.85227966,-46.48828506,-3.89507055,-1.467683565,-6.014410035,1.911360138,
NC_1_2,-28.82675306,-76.46219545,-0.158712716,1.965298226,-3.034984598,1.418512903,3
NC_1_1,-22.51208711,-85.40652318,-0.84111927,1.837436043,-1.582244359,0.81899817,2
NC_3_1,17.24485019,-24.38032017,-9.467312501,-7.559707699,-6.340645058,1.248347673,2
NC_1_3,8.306508025,-54.021681,-6.14440334,-4.279899515,-3.347112128,0.689662029,1
NC_3_2,-14.99407852,20.44228464,-13.76597762,-6.857820384,-14.02145914,3.216463786,3
NC_1_4,-20.42683505,-43.40152887,-4.507700547,-1.499723692,-6.513113851,1.989389545,4
NC_3_3,-23.96112952,57.62374528,-20.30216909,-8.479400547,-19.29265547,4.047122488,4
25m,-21.91000989,83.79087052,-25.3037106,-10.65569759,-22.43845414,4.389868258,
E,-19.1751097,79.62601885,-23.70942726,-10.68674771,-21.68730452,4.375305652,
