Transect,Colony_ID,X_internal,Y_internal,Z_internal,X_Real_World_Position,Y_Real_World_Position,Z_Real_World_Position,highlight
0to25,L,7.239374798,-86.86701712,-0.506702695,1.108332929,-0.607647972,0.298345076,
0to25,K,12.65776605,-39.49154114,-6.046769223,4.696458039,-2.985376367,0.024942694,
0to25,J,17.70547727,17.34644879,-12.3975975,9.057786787,-5.725384374,-0.25988521,
0to25,I,16.74432133,69.65035852,-18.70703485,13.30648599,-7.800120837,-0.498177312,
0to25,H,-4.717718244,121.2844152,-23.47091847,18.32786365,-8.237645104,-0.364754245,
0to25,G,-25.07445884,174.2291211,-32.80787488,23.45644336,-8.783226815,-0.642889906,
25to50,F,-25.77012626,-44.76294668,2.637988719,-21.68788572,1.84778478,-0.016968301,
25to50,E,-2.895240973,-34.25948054,-1.843723563,-19.00936305,-2.024341805,-0.362431367,
25to50,D,3.305039043,-12.2223022,-3.979690972,-14.7898051,-2.484677248,-0.274166169,
25to50,C,4.73814923,16.335097,-7.639572977,-9.501990326,-1.889438565,-0.405300977,
25to50,B,2.561685171,43.28448017,-8.41975103,-4.671536551,-0.661643225,-0.08275101,
25to50,A,1.268971346,71.61948806,-9.300329123,0.438369938,0.44774393,0.257698848,
25to50,972,-8.044954288,50.36589818,-7.139518367,-3.733233166,1.498683683,0.149634886,yes
0to25,971,-15.23988983,112.0053063,-23.2968104,18.02348378,-7.017154517,-0.282205634,yes
0to25,970,2.686883772,10.22845119,-11.33266476,9.099754297,-4.246958655,-0.033013122,yes
0to25,969,7.959626874,-35.20986223,-7.870204784,5.247993921,-2.780196056,-0.057042023,yes
25to50,920,0.135471768,54.85568851,-8.728174497,-2.642793387,0.13692684,0.042081404,yes
25to50,919,-1.255358154,32.11866862,-7.574817279,-6.825008642,-0.307803273,-0.179369821,no
0to25,917,56.79342284,-35.10850366,-6.095018007,3.230864061,-6.658343866,-0.466310797,yes
0to25,915,7.401912732,18.42848237,-11.41433967,9.556267842,-4.963713073,-0.046263794,yes
0to25,910,-4.323422862,-3.573756256,-8.197968153,8.261315538,-3.136276924,0.244957549,yes
0to25,909,-8.478224918,-28.44131681,-4.756519301,6.426045715,-1.788597561,0.451123115,yes
25to50,720,2.32542273,42.1278232,-8.600380275,-4.884449973,-0.656386531,-0.139941749,yes
0to25,714,-1.866936373,71.77537326,-16.82072555,14.21921693,-6.432316232,-0.101497964,no
