Transect,Colony_ID,X_internal,Y_internal,Z_internal,X_Real_World_Position,Y_Real_World_Position,Z_Real_World_Position,,highlight
0to25,L,-12.75937824,-106.4377364,0.592775354,-1.191078727,-0.757968436,-0.015445151,,
0to25,K,-6.176281177,-63.50475181,-3.711267342,-5.479032571,-0.790217795,0.20734205619127788,,
0to25,J,3.5722588222931067,-9.62344014,-8.918047797,-10.87939964,-0.691275634,0.531238802,,
0to25,I,6.976895914,44.95862436160633,-19.63900593,-16.33569787,-1.128897763,0.22468163920578332,,
0to25,H,11.291416369808717,89.60847919229487,-20.06550894,-20.69793363,-1.465550325,0.8019582714669029,,
0to25,G,12.96570330913982,142.32364379090495,-23.10896522,-25.83556648,-2.152327336,1.1806236470081002,,
25to50,F,-1.438809418,-47.77988195,-5.555135792,21.523134188626205,-15.98733733,2.519115187373381,,
25to50,E,1.5198420061584326,-24.55458506,-7.285248356,18.20365673,-12.55732187,2.1464829530795315,,
25to50,D,4.3975434,-0.053858112,-9.492267466,14.665832788778408,-8.982494184,1.6803556517184233,,
25to50,C,3.0628508346429983,24.637968144311372,-11.08913196,10.566551347562665,-6.039133758,1.4167141829485255,,
25to50,B,0.5045797124673026,48.75931228578049,-13.81861472,6.386435025100585,-3.37740161,0.9449728777951392,,
0to25,977,-13.08909384,68.21363388778437,-16.36510831,-18.22822489,-3.492922199,0.4774387759798324,,yes
25to50,908,-8.297475419,46.72132256907658,-13.48827749,5.586854781470858,-5.023099142,1.1727060279046913,,yes
0to25,907,4.883060913190311,141.5487939465309,-24.59784028,-25.66445116,-2.890720431,0.8890734668428455,,yes
25to50,907,-5.042218815,-47.20350301,-5.776615999,20.96794737589414,-16.48445968,2.541950722831058,,yes
0to25,906,54.72320091322487,50.47354735353331,-21.41118733,-17.59327031,3.375537706,0.942946127,,yes
0to25,904,-18.75410628,35.89452412680274,-13.16041447,-14.9904437,-3.536033211,0.2941331923695245,,yes
0to25,774,40.22120788287219,119.72345188577572,-26.71357751,-24.11646551,0.8938945813471472,1.0277444897635748,,no
25to50,707,16.975260826668666,-8.493998415,-8.829115576,17.619707939166492,-8.075462862,1.568992201785878,,no
25to50,706,3.773832989681465,-22.13680779,-7.371515094,18.108324422022573,-11.89210523,2.090578079309367,,yes
0to25,704,21.80367325170178,109.48464119153522,-24.56674467,-22.82986299,-0.728208245,0.7924513266366842,,yes
0to25,702,7.7614486796257856,-8.765687419,-11.50552183,-11.06172211,-0.265933043,0.36512272649144806,,no
